<?xml version="1.0" encoding="UTF-8"?><!DOCTYPE log4j:configuration SYSTEM "log4j.dtd" >
<log4j:configuration>
	<appender name="appender" class="org.apache.log4j.FileAppender">
	    <param name="File" value="Log.txt"/>
    	<param name="Append" value="true"/>
    <layout class="org.apache.log4j.PatternLayout">
      <param name="ConversionPattern" value="%d [%t] %p - %m%n"/>
    </layout>
  </appender>

  <root>
    <priority value ="debug"/>
    <appender-ref ref="appender"/>
  </root>

</log4j:configuration>
